"CI";"Server";"Build";"Error";"PR"
"z";"s390x-ubuntu-26";"14261";"Build timed out (after 300 minutes). Marking the build as failed.";"39212"
"z";"s390x-ubuntu-26";"14289";"Build timed out (after 300 minutes). Marking the build as failed.";"38738"
"z";"s390x-ubuntu-26";"14292";"Build timed out (after 300 minutes). Marking the build as failed.";"39232"
"janky";"ubuntu-1604-overlay2";"54064";"Build timed out (after 200 minutes). Marking the build as failed.";"39173"
"janky";"ubuntu-1604-overlay2";"54130";"Build timed out (after 200 minutes). Marking the build as failed.";"39236"
"janky";"ubuntu-1604-overlay2";"54108";"Build timed out (after 200 minutes). Marking the build as failed.";"216"
"janky";"ubuntu-1604-overlay2";"54107";"Build timed out (after 200 minutes). Marking the build as failed.";"39212"
"janky";"ubuntu-1604-overlay2";"54069";"Build timed out (after 200 minutes). Marking the build as failed.";"206"
"janky";"ubuntu-1604-overlay2";"54085";"Build timed out (after 200 minutes). Marking the build as failed.";"206"
"janky";"ubuntu-1604-overlay2";"54078";"Build timed out (after 200 minutes). Marking the build as failed.";"207"
"janky";"ubuntu-1604-overlay2";"54077";"Build timed out (after 200 minutes). Marking the build as failed.";"214"
"janky";"ubuntu-1604-overlay2";"54066";"Build timed out (after 200 minutes). Marking the build as failed.";"39207"
"janky";"ubuntu-1604-overlay2";"54086";"Build timed out (after 200 minutes). Marking the build as failed.";"39210"
"janky";"ubuntu-1604-overlay2";"54093";"Build timed out (after 200 minutes). Marking the build as failed.";"39215"
"janky";"ubuntu-1604-overlay2";"54127";"Build timed out (after 200 minutes). Marking the build as failed.";"39232"
"experimental";"ubuntu-1604-aufs";"45216";"Build timed out (after 180 minutes). Marking the build as failed.";"211"
"experimental";"ubuntu-1604-aufs";"45217";"Build timed out (after 180 minutes). Marking the build as failed.";"212"
"experimental";"ubuntu-1604-aufs";"45208";"Build timed out (after 180 minutes). Marking the build as failed.";"39207"
"experimental";"ubuntu-1604-aufs";"45267";"Build timed out (after 180 minutes). Marking the build as failed.";"39216"
"experimental";"ubuntu-1604-aufs";"45270";"Build timed out (after 180 minutes). Marking the build as failed.";"39232"
"experimental";"ubuntu-1604-aufs";"45245";"Build timed out (after 180 minutes). Marking the build as failed.";"39173"
"powerpc";"ppc64le-ubuntu-24";"14388";"Build timed out (after 180 minutes). Marking the build as failed.";"39193"
"powerpc";"ppc64le-ubuntu-32";"14339";"Build timed out (after 180 minutes). Marking the build as failed.";"39212"
"powerpc";"ppc64le-ubuntu-29";"14368";"Build timed out (after 180 minutes). Marking the build as failed.";"38738"
"powerpc";"ppc64le-ubuntu-31";"14360";"Build timed out (after 180 minutes). Marking the build as failed.";"39209"
"powerpc";"ppc64le-ubuntu-24";"14369";"Build timed out (after 180 minutes). Marking the build as failed.";"39231"
"rs1";"azure-windows-rs1-6";"25124";"Build timed out (after 230 minutes). Marking the build as failed.";"39173"
"rs1";"azure-windows-rs1-6";"25199";"Build timed out (after 230 minutes). Marking the build as failed.";"39193"
"rs1";"azure-windows-rs1-6";"25221";"Build timed out (after 230 minutes). Marking the build as failed.";"39232"
"rs1";"azure-windows-rs1-6";"25161";"Build timed out (after 230 minutes). Marking the build as failed.";"39212"
"rs1";"azure-windows-rs1-6";"25130";"Build timed out (after 230 minutes). Marking the build as failed.";"206"
"rs1";"azure-windows-rs1-6";"25144";"Build timed out (after 230 minutes). Marking the build as failed.";"206"
"rs1";"azure-windows-rs1-6";"25223";"Build timed out (after 230 minutes). Marking the build as failed.";"39193"
"rs1";"azure-windows-rs1-6";"25181";"Build timed out (after 230 minutes). Marking the build as failed.";"39232"
"rs1";"azure-windows-rs1-6";"25159";"Build timed out (after 230 minutes). Marking the build as failed.";"39193"
"rs1";"azure-windows-rs1-6";"25152";"Build timed out (after 230 minutes). Marking the build as failed.";"39217"
"rs1";"azure-windows-rs1-6";"25156";"Build timed out (after 230 minutes). Marking the build as failed.";"39222"
